{
  "name": "auth0-angular",
  "main": "build/auth0-angular.js",
  "dependencies": {
    "angular": "*",
    "auth0.js": ">= 5.2.2",
    "auth0-lock": ">= 6.3.0"
  },
  "devDependencies": {
    "angular-mocks": "~1.3.0",
    "angular-route": "~1.3.0"
  },
  "resolutions": {
    "angular": "1.3.0"
  },
  "homepage": "https://github.com/auth0/auth0-angular",
  "version": "4.1.0",
  "_release": "4.1.0",
  "_resolution": {
    "type": "version",
    "tag": "v4.1.0",
    "commit": "6e01c1fc320d59175944c907ead66a8595b7fb82"
  },
  "_source": "https://github.com/auth0/auth0-angular.git",
  "_target": "4.*",
  "_originalSource": "auth0-angular"
}