{
  "name": "auth0-lock",
  "version": "9.2.1",
  "main": "build/auth0-lock.js",
  "ignore": [
    "lib-cov",
    "*.seed",
    "*.log",
    "*.csv",
    "*.dat",
    "*.out",
    "*.pid",
    "*.gz",
    "pids",
    "logs",
    "results",
    "npm-debug.log",
    "bin",
    "test"
  ],
  "homepage": "https://github.com/auth0/lock",
  "_release": "9.2.1",
  "_resolution": {
    "type": "version",
    "tag": "v9.2.1",
    "commit": "a0eefe41a5e1480cd66c176c0800a229ca3f7598"
  },
  "_source": "https://github.com/auth0/lock.git",
  "_target": ">= 6.3.0",
  "_originalSource": "auth0-lock"
}